{
  "step": 2,
  "metric": "abs(acf_lag1)",
  "kill_threshold": 0.15,
  "observed_lag1": -0.04091137845764569,
  "observed_abs_lag1": 0.04091137845764569,
  "acf_values": {
    "lag_0": 1.0,
    "lag_1": -0.04091137845764569,
    "lag_2": 0.017849199899455142,
    "lag_3": -0.01980766643446909,
    "lag_4": 0.03599551571832295,
    "lag_5": -0.01459112297345027,
    "lag_6": 0.016058770314757432,
    "lag_7": 0.00037006344138075775,
    "lag_8": 0.006982796404216777,
    "lag_9": -0.022919382780460507,
    "lag_10": 0.047564144027615794,
    "lag_11": 0.043505664485191387,
    "lag_12": -0.009472147202992784,
    "lag_13": -0.006993448983993035,
    "lag_14": 0.02453751834813315,
    "lag_15": 0.03369515663764757,
    "lag_16": -0.037212170789942475,
    "lag_17": -0.004107380387645429,
    "lag_18": 0.036250865877133984,
    "lag_19": -0.012149239622876047,
    "lag_20": 0.00014736648690271797,
    "lag_21": 0.0010847198719398405,
    "lag_22": -0.005485869327257668,
    "lag_23": -0.003806001869762235,
    "lag_24": -0.022033259562273984
  },
  "white_noise_ci95": 0.04216272656431678,
  "n_hours": 2161,
  "passed": false
}