{
  "step": 2,
  "metric": "abs(acf_lag1)",
  "kill_threshold": 0.15,
  "observed_lag1": -0.01830150953423257,
  "observed_abs_lag1": 0.01830150953423257,
  "acf_values": {
    "lag_0": 1.0,
    "lag_1": -0.01830150953423257,
    "lag_2": -0.012595474254489482,
    "lag_3": -0.008245575388473344,
    "lag_4": -0.0021808450485253494,
    "lag_5": -0.014562919020452439,
    "lag_6": 0.0007567745235139814,
    "lag_7": -0.017226968784320434,
    "lag_8": 0.009786458741224422,
    "lag_9": 0.021343862690191652,
    "lag_10": -0.003312394870443341,
    "lag_11": -0.028685167099242792,
    "lag_12": -0.004048676574210872,
    "lag_13": 0.018085148395399653,
    "lag_14": -0.002625592771896114,
    "lag_15": 0.007791188635780372,
    "lag_16": 0.005849088584420636,
    "lag_17": -0.036293796372637147,
    "lag_18": -0.004711837889566913,
    "lag_19": -0.021990371757196852,
    "lag_20": 0.004457403443445409,
    "lag_21": -0.00018559946928171066,
    "lag_22": -0.001013976776355457,
    "lag_23": -0.02424621354975298,
    "lag_24": 0.010611190830666703
  },
  "white_noise_ci95": 0.04216272656431678,
  "n_hours": 2161,
  "passed": false
}